"nhom";"ten";"tac_gia";"url";"doc_ky";"mo_ta"
"fvg";"FVG Detector [TradingFinder] Fair Value Gap-Imbalance-Mitigated";"TradingFinder (TFlab)";"https://www.tradingview.com/script/7RyvovXb-FVG-Detector-TradingFinder-Fair-Value-Gap-Imbalance-Mitigated/";"khong";"FVG with four displacement-quality filter presets based on ATR(55) and body ratios. Proximal and distal lines are drawn, and a zone is mitigated on the first touch of the proximal edge."
"fvg";"Balanced Price Range (BPR) [TFO]";"tradeforopp";"https://www.tradingview.com/script/856oabwc-Balanced-Price-Range-BPR/";"khong";"BPR = the price overlap of a bearish FVG and a later bullish FVG (or the reverse) formed within N bars. Option for 'clean' BPRs only. Invalidated by a wick through the far edge."
"fvg";"Balanced Price Range | Flux Charts";"fluxchart (Flux Charts)";"https://www.tradingview.com/script/XA98pxm4-Balanced-Price-Range-Flux-Charts/";"khong";"FVG, then inversion by a body close, then BPR when a new opposite FVG overlaps an active IFVG. Retest arrows. Everything is computed on confirmed bars only."
"fvg";"ICT - GAPs and Volume Imbalance (script title: ICT - GAPS, Volume & Price Imbalances)";"Vulnerable_human_x";"https://www.tradingview.com/script/MDxlrsRo-ICT-GAPs-and-Volume-Imbalance/";"khong";"The most complete open catalogue of ICT imbalance definitions: FVG, liquidity void, implied FVG, inverse FVG, VI (Classic/Advanced), true GAP, CE lines, and three mitigation models (Engulf, Mitigate, Rebalance)."
"fvg";"Gaps + Imbalances + Wicks (MTF) - By Leviathan";"LeviathanCapital";"https://www.tradingview.com/script/KLiE8iyE-Gaps-Imbalances-Wicks-MTF-By-Leviathan/";"co";"Zones from one selectable timeframe: 3-candle imbalances (FVG), 2-candle gaps, or long wicks. Filter by ATR or %. Three fill rules: Touch, Half Fill (CE) and Full Fill."
"fvg";"Inverse FVG with Rejections [TFO]";"tradeforopp";"https://www.tradingview.com/script/arQP5Q2f-Inverse-FVG-with-Rejections-TFO/";"co";"FVG and IFVG on any timeframe, built only from confirmed HTF bars. Size filter against average range, NY-session filter, CE line, and pivot 'rejections' inside zones."
"fvg";"Imbalance Detector [LuxAlgo]";"LuxAlgo";"https://www.tradingview.com/script/C0cC294Q-Imbalance-Detector-LuxAlgo/";"co";"Detects three imbalance types (FVG, Opening Gap, Volume Imbalance) with optional minimum-width filters, a CE line on FVGs, and fill-rate statistics."
"fvg";"Fair Value Gap [LuxAlgo]";"LuxAlgo";"https://www.tradingview.com/script/jWY4Uiez-Fair-Value-Gap-LuxAlgo/";"co";"Classic 3-candle FVG with a % threshold. A gap is removed when a candle closes through its far edge. Optional HTF source, dynamic mode, and fill statistics."
"fvg";"Inversion Fair Value Gaps (IFVG) [LuxAlgo]";"LuxAlgo";"https://www.tradingview.com/script/8FHucjY6-Inversion-Fair-Value-Gaps-IFVG-LuxAlgo/";"co";"An FVG whose far edge is broken by a candle body flips polarity (IFVG). A signal fires when price retests the IFVG and closes back out. CE midline is drawn."
"fvg";"ICT Concepts [LuxAlgo] (imbalance module: FVG / Implied FVG / BPR / Volume Imbalance)";"LuxAlgo";"https://www.tradingview.com/script/ib4uqBJx-ICT-Concepts-LuxAlgo/";"co";"All-in-one ICT toolkit. Its imbalance part has: FVG with a displacement filter on the middle candle, 'Implied FVG' mode, BPR as the overlap of the latest bull and bear FVG, and Volume Imbalance."
"liquidity";"Liquidity Grabs | Flux Charts";"fluxchart";"https://www.tradingview.com/script/ZxHyWlMd-Liquidity-Grabs-Flux-Charts/";"khong";"Liquidity grabs (false breakouts of recent pivot highs and lows), sized by the wick-to-body ratio."
"liquidity";"Pure Price Action Liquidity Sweeps [LuxAlgo]";"LuxAlgo";"https://www.tradingview.com/script/WYB2cYmM-Pure-Price-Action-Liquidity-Sweeps-LuxAlgo/";"khong";"Wick sweeps of swing levels found by recursive fractals (short, intermediate or long term), with no fixed lookback length."
"liquidity";"Market Structure with Inducements & Sweeps [LuxAlgo]";"LuxAlgo";"https://www.tradingview.com/script/kMDlPZuz-Market-Structure-with-Inducements-Sweeps-LuxAlgo/";"khong";"SMC market structure where a BOS is valid only after an inducement (IDM, the sweep of a minor swing) is taken. Also marks sweeps of the running high or low."
"liquidity";"Equal High/Low (EQH/EQL) [AlgoAlpha]";"AlgoAlpha";"https://www.tradingview.com/script/R53Wm3YL-Equal-High-Low-EQH-EQL-AlgoAlpha/";"khong";"Equal highs and lows (EQH/EQL) liquidity zones from two adjacent candles with near-equal extremes, filtered by RSI, with sweep/mitigation removal."
"liquidity";"Swing Failure Pattern (SFP) [LuxAlgo]";"LuxAlgo";"https://www.tradingview.com/script/YmWELClV-Swing-Failure-Pattern-SFP-LuxAlgo/";"khong";"Swing failure pattern: a stop hunt where the wick exceeds the last swing but open and close stay inside, plus a confirmation break of the opposite extreme."
"liquidity";"Liquidity Swings [LuxAlgo]";"LuxAlgo";"https://www.tradingview.com/script/1S2VOnJP-Liquidity-Swings-LuxAlgo/";"co";"Swing-high and swing-low liquidity pools (resting stops above highs and below lows), with how often and how much volume price revisited each zone."
"liquidity";"Supply and Demand Zones [BigBeluga]";"BigBeluga";"https://www.tradingview.com/script/I0o8N7VW-Supply-and-Demand-Zones-BigBeluga/";"co";"Supply and demand zones anchored at the last opposite candle before an above-average-volume 3-candle impulse, similar to an order-block base, with a fixed ATR height and a volume-delta label."
"liquidity";"Buyside & Sellside Liquidity [LuxAlgo]";"LuxAlgo";"https://www.tradingview.com/script/Qk4vBbfL-Buyside-Sellside-Liquidity-LuxAlgo/";"co";"ICT buy-side and sell-side liquidity pools: clusters of 3 or more equal swing highs or lows, plus the breach zone where they get swept, and optional liquidity voids."
"liquidity";"Supply and Demand Visible Range [LuxAlgo]";"LuxAlgo";"https://www.tradingview.com/script/UpWXXsbC-Supply-and-Demand-Visible-Range-LuxAlgo/";"co";"Volume-based supply and demand areas: the top and bottom price bands of the range that hold a set share of the traded volume, plus equilibrium lines."
"liquidity";"Liquidity Sweeps [LuxAlgo]";"LuxAlgo";"https://www.tradingview.com/script/JRqryeJ5-Liquidity-Sweeps-LuxAlgo/";"co";"Sweeps of swing liquidity levels, either a wick through the level that closes back, or a close through the level followed by a retest wick, each with a sweep area box."
"msnr";"MSnR Classic StoryLine MTF";"RWBTradeLab";"https://www.tradingview.com/script/5ZZmsIHj-MSnR-Classic-StoryLine-MTF/";"khong";"MSNR storyline / bias: HTF fresh-level rejection confirmed by an LTF break of structure"
"msnr";"MSnR Key Level [6 Types]";"RWBTradeLab";"https://www.tradingview.com/script/erb7xGg9-MSnR-Key-Level-6-Types/";"khong";"MSNR candle-pair levels (A, V, bullish/bearish gap) plus flip levels SBR/RBS"
"msnr";"QML FTB with Quality Score [Malibu]";"malibuuu";"https://www.tradingview.com/script/4Fv1ooMl/";"khong";"QML with First-Touch-Back entry, confluence filters and a quality score"
"msnr";"Malaysian SnR and Decision Levels [DoN]";"DoN_JCT";"https://www.tradingview.com/script/iWgxW7bW/";"khong";"MSNR A/V from line-chart (close) pivots, SBR/RBS history, H4 gap 'Decision Levels', HTF overlay"
"msnr";"Malaysian SnR [by DanielM]";"DanieIM (displayed as DanielM)";"https://www.tradingview.com/script/yqRdpnSH-Malaysian-SnR-by-DanielM/";"khong";"Classic MSNR: A/V levels, gap levels, fresh vs unfresh"
"msnr";"MSnR Double Breakout Level";"RWBTradeLab";"https://www.tradingview.com/script/0jssxZUC-MSnR-Double-Breakout-Level/";"co";"MSNR A/V staircase: a level is drawn only after a double breakout"
"msnr";"Quasimodo Pattern by EmreKb";"EmreKb";"https://www.tradingview.com/script/SQRSlcup/";"co";"QML / Quasimodo reversal via a simple high/low zigzag"
"msnr";"QM Signal [TradingFinder] Quasimodo Pattern - Head and Shoulders";"TradingFinder (code credited to chartbox90)";"https://www.tradingview.com/script/HuBqQBr5-QM-Signal-TradingFinder-Quasimodo-Pattern-Head-and-Shoulders/";"co";"QML / Quasimodo from a labelled HH/HL/LH/LL swing sequence"
"ob";"Higher order Orderblocks + Breakerblocks + Range + Alerts (script title 'Order Blocks')";"pmk07";"https://www.tradingview.com/script/zSDlR0YP-Higher-order-Orderblocks-Breakerblocks-Range-Alerts/";"khong";"Uses second-order pivots (a pivot of pivots). A market structure break of the low that created the most recent higher high creates a supply OB at that high. Zones pass through untested, tested, breaker and deleted states, all driven by pivots."
"ob";"Rejection Blocks [ICT]";"filipiti";"https://www.tradingview.com/script/klFV2RA5/";"khong";"ICT rejection block: the long wick of a swing-extreme candle (from the body edge to the wick tip) is the zone. It gives signals on the first retest and on a close through the zone."
"ob";"Volume Order Blocks [BigBeluga]";"BigBeluga";"https://www.tradingview.com/script/5CpArShF-Volume-Order-Blocks-BigBeluga/";"khong";"Trend-cross order block: when a fast EMA crosses a slow EMA, the most extreme candle of the last N bars becomes the OB. Zones have an ATR-based minimum height, merge when close together, and show accumulated volume."
"ob";"Pure Price Action Order & Breaker Blocks [LuxAlgo]";"LuxAlgo";"https://www.tradingview.com/script/5PB593yX-Pure-Price-Action-Order-Breaker-Blocks-LuxAlgo/";"khong";"Same OB and breaker lifecycle as Order Blocks & Breaker Blocks, but the swings come from nested 3-bar fractals (short, intermediate and long term) instead of a length setting."
"ob";"Order Block Finder (Experimental)";"wugamlo";"https://www.tradingview.com/script/R8g2YHdg-Order-Block-Finder-Experimental/";"co";"Classic textbook OB: the last opposite-colour candle before a run of same-direction candles."
"ob";"Order Blocks & Breaker Blocks [LuxAlgo]";"LuxAlgo";"https://www.tradingview.com/script/piIbWMpY-Order-Blocks-Breaker-Blocks-LuxAlgo/";"co";"OB = the extreme candle between a swing point and the close that breaks it. When price closes through the OB it flips into a breaker block (reverse polarity), which is deleted when price closes back through its other side."
"ob";"Order Block Detector [LuxAlgo]";"LuxAlgo";"https://www.tradingview.com/script/KvGhxGxY-Order-Block-Detector-LuxAlgo/";"co";"Volume-pivot order block: the OB candle is the bar with a local volume peak, and its direction comes from whether that bar is a local price high or low."
"ob";"Smart Money Concepts (SMC) [LuxAlgo] (order block part only)";"LuxAlgo";"https://www.tradingview.com/script/CnB3fSph-Smart-Money-Concepts-SMC-LuxAlgo/";"co";"Order block = the most extreme candle of the pullback leg that sits between a swing point and the candle that closes through it (BOS/CHoCH). Two layers: internal OB (swing size 5) and swing OB (swing size 50)."
"ob";"Breaker Blocks with Signals [LuxAlgo]";"LuxAlgo";"https://www.tradingview.com/script/1owp3WD0-Breaker-Blocks-with-Signals-LuxAlgo/";"co";"ICT breaker: after a liquidity sweep (lower low) and a market structure shift (close above the swing high), the last up-candle at that swing high becomes a +BB. Signals fire on a retest-and-reject of the breaker."
"ob";"Volumized Order Blocks | Flux Charts";"fluxchart (Flux Charts)";"https://www.tradingview.com/script/bLdpFVuq-Order-Blocks-Flux-Charts/";"co";"Same swing-break OB core as LuxAlgo OB&BB, plus an ATR size filter, wick/close invalidation, merging of overlapping zones, and a volume split shown inside the box."
"pa";"Support Resistance with Breaks and Retests";"HoanGhetti";"https://www.tradingview.com/script/Xeeko6TV-Support-Resistance-with-Breaks-and-Retests/";"khong";"Pivot S/R boxes, breakout, then retest (continuation entry)"
"pa";"InSide Bar Strategy (built-in)";"TradingView (built-in)";"https://www.tradingview.com/support/solutions/43000591665-inside-bar-strategy/";"khong";"strategy(): an inside bar sets the direction, entry on the next bar, stop-and-reverse"
"pa";"Pivot Reversal Strategy (built-in)";"TradingView (built-in)";"https://www.tradingview.com/support/solutions/43000594526-pivot-reversal-strategy/";"khong";"strategy(): stop orders 1 tick beyond the latest confirmed swing high/low (breakout/reversal)"
"pa";"Pinbar trailing stop strategy";"samgozman";"https://www.tradingview.com/script/QtCWpUWb-Pinbar-trailing-stop-strategy/";"khong";"strategy() backtest: pin bar that sweeps the prior high/low, TP/SL as multiples of the pin's range"
"pa";"Candlestick pattern built-ins (All Candlestick Patterns / Engulfing - Bullish etc.)";"TradingView (built-in)";"https://www.tradingview.com/support/solutions/43000583771-engulfing-bullish/";"khong";"TradingView's standard candlestick definitions with a trend filter"
"pa";"Trendlines with Breaks [LuxAlgo]";"LuxAlgo";"https://www.tradingview.com/script/IYL88A1N-Trendlines-with-Breaks-LuxAlgo/";"co";"Trendlines from pivots with a fixed slope, breakout of the trendline"
"pa";"Support and Resistance Levels with Breaks [LuxAlgo]";"LuxAlgo";"https://www.tradingview.com/script/JDFoWQbL-Support-and-Resistance-Levels-with-Breaks-LuxAlgo/";"co";"Pivot support/resistance levels, breakouts on close, volume filter, wick check"
"pa";"Breakout Finder";"LonesomeTheBlue";"https://www.tradingview.com/script/EvkXjgyw-Breakout-Finder/";"co";"Breakout from a level tested several times (consolidation box)"
"pa";"Support Resistance Channels";"LonesomeTheBlue";"https://www.tradingview.com/script/Ej53t8Wv-Support-Resistance-Channels/";"co";"Groups pivots into S/R zones, ranks them by strength, signals breaks"
"pa";"Candlestick Patterns Identified (updated 3/11/15)";"repo32";"https://www.tradingview.com/script/vcsWo8mh-Candlestick-Patterns-Identified-updated-3-11-15/";"co";"Classic candlestick patterns with no trend filter"
"smc";"Market Structure (BOS / CHOCH), Advanced & Improved";"Confluencer";"https://www.tradingview.com/script/0t7puDyH-Market-Structure-BOS-CHOCH-Advanced-Improved/";"khong";"Two layers (swing + internal) from one trend state machine, with a Close or Wick break option, HH/HL/LH/LL labels and liquidity lines."
"smc";"Pure Price Action Structures [LuxAlgo]";"LuxAlgo";"https://www.tradingview.com/script/EuXueiJN-Pure-Price-Action-Structures-LuxAlgo/";"khong";"Structure with no length inputs: short-term, intermediate-term and long-term swings; MSS/CHoCH, CHoCH+ (supported CHoCH) and BOS."
"smc";"SMC Structures and FVG";"LudoGH68";"https://www.tradingview.com/script/uJDx1aKO/";"khong";"One active structure range (current structure high/low) with BOS (continuation) and CHoCH (reversal), FVG with mitigation states, and Fibonacci/OTE levels on the current structure."
"smc";"Multi Length Market Structure (BoS + ChoCh)";"Uncle_the_shooter";"https://www.tradingview.com/script/Bayq7qtD/";"khong";"The same BOS/CHoCH engine run at several pivot lengths at once, with HH/HL/LH/LL labels."
"smc";"Market Structures + ZigZag [TradingFinder] CHoCH/BOS - MSS/MSB";"TFlab (TradingFinder)";"https://www.tradingview.com/script/v2IhxlWK-Market-Structures-ZigZag-TradingFinder-CHoCH-BOS-MSS-MSB/";"khong";"Zigzag of pivots split into major (external) and minor (internal) pivots, with different confirmation rules for BOS and CHoCH."
"smc";"Smart Money Concepts Probability (Expo)";"Zeiierman";"https://www.tradingview.com/script/mBINsJlf-Smart-Money-Concepts-Probability-Expo/";"co";"Pivot-based structure with CHoCH, SMS (shift in market structure) and BMS (break of market structure) labels, each with a historical success probability and a backtest table."
"smc";"Market Structure CHoCH/BOS (Fractal) [LuxAlgo]";"LuxAlgo";"https://www.tradingview.com/script/ZpHqSrBK-Market-Structure-CHoCH-BOS-Fractal-LuxAlgo/";"co";"BOS/CHoCH built on fractals instead of classical swing pivots, plus dynamic support/resistance from each structure leg."
"smc";"Market Structure Break & Order Block";"EmreKb";"https://www.tradingview.com/script/DkE7UniD/";"co";"Zigzag-based market structure break (MSB) with a Fibonacci-extension confirmation, plus order blocks, breaker blocks and mitigation blocks."
